key,value
launch_lat,69.29450609999999
launch_lon,16.019897699999998
impact_n,5520.48340363
impact_e,-3007.56166419
